Time,Bearing 1
130.0,-0.161
130.00005,-0.315
130.0001,-0.186
130.00015,0.264
130.0002,0.405
130.00024,0.107
130.0003,-0.183
130.00035,-0.068
130.0004,0.251
130.00044,0.027
130.0005,-0.32
130.00055,-0.134
130.0006,0.266
130.00066,0.413
130.0007,0.125
130.00075,-0.154
130.0008,0.015
130.00085,0.076
130.0009,-0.09
130.00095,-0.378
130.001,-0.349
130.00105,-0.159
130.0011,-0.012
130.00114,-0.015
130.0012,0.015
130.00125,0.195
130.0013,0.278
130.00134,0.137
130.0014,0.076
130.00145,-0.042
130.0015,-0.039
130.00156,-0.037
130.0016,-0.183
130.00165,-0.193
130.0017,-0.068
130.00175,0.107
130.0018,0.002
130.00185,-0.256
130.0019,-0.103
130.00195,-0.015
130.002,-0.005
130.00204,-0.107
130.0021,-0.112
130.00215,-0.02
130.0022,0.059
130.00224,0.156
130.0023,0.251
130.00235,0.164
130.0024,0.103
130.00246,0.232
130.0025,0.208
130.00255,0.09
130.0026,0.066
130.00266,0.063
130.0027,-0.024
130.00275,-0.137
130.0028,-0.059
130.00285,0.071
130.0029,0.034
130.00294,-0.061
130.003,-0.11
130.00305,-0.093
130.0031,-0.063
130.00314,-0.085
130.0032,-0.178
130.00325,-0.166
130.0033,-0.1
130.00336,-0.044
130.0034,-0.051
130.00345,0.034
130.0035,0.078
130.00356,0.093
130.0036,0.103
130.00365,-0.081
130.0037,-0.217
130.00375,-0.044
130.0038,0.164
130.00385,0.122
130.0039,-0.032
130.00395,-0.146
130.004,0.007
130.00404,0.361
130.0041,0.361
130.00415,-0.103
130.0042,-0.52
130.00426,-0.085
130.0043,0.083
130.00435,0.049
130.0044,-0.354
130.00446,0.012
130.0045,0.41
130.00455,0.227
130.0046,-0.149
130.00465,-0.266
130.0047,-0.122
130.00475,0.083
130.0048,-0.129
130.00485,-0.315
130.0049,-0.068
130.00494,0.266
130.005,0.295
130.00505,0.051
130.0051,0.022
130.00516,0.168
130.0052,0.142
130.00525,0.012
130.0053,-0.156
130.00536,-0.112
130.0054,0.115
130.00545,0.149
130.0055,0.051
130.00555,0.027
130.0056,0.164
130.00565,0.156
130.0057,-0.002
130.00575,-0.02
130.0058,-0.054
130.00584,-0.044
130.0059,-0.093
130.00595,-0.164
130.006,-0.156
130.00604,-0.083
130.0061,-0.073
130.00615,-0.105
130.0062,-0.049
130.00626,0.117
130.0063,0.144
130.00635,-0.017
130.0064,0.037
130.00645,-0.098
130.0065,-0.049
130.00655,0.054
130.0066,0.032
130.00665,0.095
130.0067,0.173
130.00674,0.088
130.0068,0.129
130.00685,-0.029
130.0069,-0.083
130.00694,-0.024
130.007,0.054
130.00705,0.022
130.0071,-0.022
130.00716,0.083
130.0072,0.117
130.00725,0.146
130.0073,0.017
130.00735,-0.115
130.0074,0.029
130.00745,-0.032
130.0075,-0.166
130.00755,-0.195
130.0076,-0.066
130.00764,-0.098
130.0077,-0.178
130.00775,-0.117
130.0078,-0.188
130.00784,-0.071
130.0079,0.066
130.00795,0.066
130.008,-0.083
130.00806,-0.078
130.0081,0.166
130.00815,0.186
130.0082,0.186
130.00826,0.112
130.0083,0.071
130.00835,0.024
130.0084,0.481
130.00845,0.154
130.0085,-0.1
130.00854,-0.259
130.0086,-0.063
130.00865,-0.142
130.0087,-0.361
130.00874,-0.132
130.0088,0.049
130.00885,0.146
130.0089,-0.01
130.00896,-0.12
130.009,-0.122
130.00905,-0.01
130.0091,0.115
130.00916,-0.159
130.0092,-0.205
130.00925,0.105
130.0093,0.366
130.00935,0.315
130.0094,0.181
130.00945,0.166
130.0095,0.254
130.00955,0.173
130.0096,-0.056
130.00964,-0.264
130.0097,-0.188
130.00975,-0.029
130.0098,0.005
130.00986,-0.105
130.0099,-0.073
130.00995,0.107
130.01,0.115
130.01006,0.029
130.0101,0.073
130.01015,0.02
130.0102,0.017
130.01025,-0.024
130.0103,-0.198
130.01035,-0.181
130.0104,-0.044
130.01045,0.015
130.0105,0.056
130.01054,-0.029
130.0106,0.007
130.01065,0.134
130.0107,0.051
130.01076,-0.137
130.0108,-0.234
130.01085,-0.134
130.0109,-0.02
130.01096,0.027
130.011,0.122
130.01105,0.144
130.0111,0.1
130.01115,0.127
130.0112,0.088
130.01125,0.046
130.0113,0.12
130.01135,0.105
130.0114,0.037
130.01144,0.139
130.0115,0.164
130.01155,0.164
130.0116,0.044
130.01164,-0.015
130.0117,0.024
130.01175,0.005
130.0118,-0.176
130.01186,-0.3
130.0119,-0.21
130.01195,-0.168
130.012,-0.068
130.01205,-0.12
130.0121,-0.166
130.01215,-0.144
130.0122,0.066
130.01225,0.208
130.0123,0.051
130.01234,-0.195
130.0124,-0.137
130.01245,0.12
130.0125,0.527
130.01254,0.256
130.0126,-0.032
130.01265,0.073
130.0127,0.391
130.01276,0.381
130.0128,-0.095
130.01285,-0.276
130.0129,-0.261
130.01295,0.256
130.013,-0.002
130.01305,-0.569
130.0131,-0.505
130.01315,0.251
130.0132,0.464
130.01324,0.056
130.0133,-0.229
130.01335,-0.115
130.0134,0.176
130.01344,0.166
130.0135,-0.09
130.01355,-0.186
130.0136,0.312
130.01366,0.391
130.0137,0.09
130.01375,-0.032
130.0138,0.244
130.01385,0.317
130.0139,-0.044
130.01395,-0.403
130.014,-0.447
130.01405,-0.103
130.0141,0.166
130.01414,0.022
130.0142,-0.19
130.01425,0.049
130.0143,0.298
130.01434,0.239
130.0144,-0.081
130.01445,-0.103
130.0145,0.054
130.01456,0.127
130.0146,-0.068
130.01465,-0.127
130.0147,0.034
130.01476,0.149
130.0148,0.042
130.01485,-0.076
130.0149,-0.125
130.01495,0.005
130.015,0.068
130.01505,-0.09
130.0151,-0.242
130.01515,-0.19
130.0152,0.044
130.01524,0.024
130.0153,0.063
130.01535,0.015
130.0154,0.107
130.01546,0.259
130.0155,0.261
130.01555,0.076
130.0156,-0.044
130.01566,0.098
130.0157,0.164
130.01575,0.039
130.0158,-0.085
130.01585,0.01
130.0159,0.122
130.01595,0.061
130.016,-0.103
130.01605,-0.164
130.0161,-0.107
130.01614,-0.002
130.0162,-0.017
130.01625,-0.117
130.0163,-0.166
130.01636,-0.088
130.0164,0.078
130.01645,-0.051
130.0165,-0.117
130.01656,0.005
130.0166,0.254
130.01665,0.195
130.0167,-0.017
130.01675,-0.217
130.0168,-0.044
130.01685,0.405
130.0169,0.33
130.01695,0.0
130.017,-0.154
130.01704,0.173
130.0171,0.403
130.01715,0.125
130.0172,-0.364
130.01724,-0.43
130.0173,-0.034
130.01735,0.027
130.0174,-0.3
130.01746,-0.146
130.0175,0.154
130.01755,0.32
130.0176,0.017
130.01765,-0.291
130.0177,-0.093
130.01775,0.171
130.0178,0.159
130.01785,-0.188
130.0179,-0.31
130.01794,0.159
130.018,0.486
130.01805,0.198
130.0181,-0.088
130.01814,-0.107
130.0182,0.171
130.01825,0.146
130.0183,-0.32
130.01836,-0.432
130.0184,-0.005
130.01845,0.178
130.0185,0.02
130.01855,-0.125
130.0186,0.032
130.01865,0.3
130.0187,0.222
130.01875,0.039
130.0188,-0.093
130.01884,-0.005
130.0189,0.093
130.01895,-0.024
130.019,-0.139
130.01904,-0.115
130.0191,-0.059
130.01915,-0.015
130.0192,0.0
130.01926,-0.125
130.0193,-0.071
130.01935,-0.046
130.0194,-0.132
130.01945,-0.154
130.0195,-0.115
130.01955,-0.112
130.0196,0.063
130.01965,0.227
130.0197,0.11
130.01974,-0.051
130.0198,0.066
130.01985,0.232
130.0199,0.125
130.01994,0.029
130.02,0.103
130.02005,0.049
130.0201,0.1
130.02016,0.139
130.0202,0.02
130.02025,-0.002
130.0203,-0.054
130.02036,0.017
130.0204,0.007
130.02045,-0.078
130.0205,-0.076
130.02055,-0.063
130.0206,-0.066
130.02065,-0.095
130.0207,-0.083
130.02075,-0.005
130.0208,0.105
130.02084,0.032
130.0209,-0.056
130.02095,-0.061
130.021,-0.09
130.02106,0.0
130.0211,-0.156
130.02115,-0.171
130.0212,0.178
130.02126,0.427
130.0213,-0.02
130.02135,-0.115
130.0214,0.139
130.02145,0.19
130.0215,0.022
130.02155,-0.295
130.0216,-0.2
130.02165,-0.059
130.0217,-0.039
130.02174,-0.251
130.0218,-0.251
130.02185,-0.024
130.0219,0.142
130.02196,0.017
130.022,-0.183
130.02205,-0.166
130.0221,0.076
130.02216,-0.005
130.0222,-0.229
130.02225,-0.09
130.0223,0.298
130.02235,0.356
130.0224,0.227
130.02245,0.076
130.0225,0.112
130.02255,0.225
130.0226,0.159
130.02264,-0.134
130.0227,-0.298
130.02275,-0.139
130.0228,0.012
130.02284,0.056
130.0229,-0.051
130.02295,0.029
130.023,0.117
130.02306,0.098
130.0231,-0.044
130.02315,-0.112
130.0232,-0.022
130.02325,-0.09
130.0233,-0.088
130.02335,-0.1
130.0234,-0.159
130.02345,-0.129
130.0235,0.024
130.02354,0.037
130.0236,-0.015
130.02365,-0.088
130.0237,-0.132
130.02374,-0.107
130.0238,-0.032
130.02385,-0.007
130.0239,-0.081
130.02396,-0.081
130.024,-0.093
130.02405,-0.027
130.0241,0.02
130.02415,0.066
130.0242,0.044
130.02425,0.083
130.0243,0.085
130.02435,0.085
130.0244,0.115
130.02444,0.129
130.0245,0.1
130.02455,0.105
130.0246,0.095
130.02464,0.122
130.0247,0.088
130.02475,-0.051
130.0248,-0.149
130.02486,-0.049
130.0249,-0.168
130.02495,-0.208
130.025,-0.215
130.02505,-0.212
130.0251,-0.134
130.02515,-0.061
130.0252,-0.073
130.02525,-0.09
130.0253,-0.01
130.02534,0.071
130.0254,-0.117
130.02545,0.029
130.0255,0.178
130.02554,0.195
130.0256,0.073
130.02565,0.0
130.0257,0.186
130.02576,0.237
130.0258,0.322
130.02585,0.042
130.0259,-0.366
130.02596,-0.33
130.026,-0.132
130.02605,-0.134
130.0261,-0.315
130.02615,-0.154
130.0262,0.107
130.02625,0.103
130.0263,-0.139
130.02635,-0.159
130.0264,0.015
130.02644,0.186
130.0265,0.051
130.02655,-0.156
130.0266,0.002
130.02666,0.378
130.0267,0.442
130.02675,0.137
130.0268,0.081
130.02686,0.203
130.0269,0.093
130.02695,-0.105
130.027,-0.21
130.02705,-0.139
130.0271,-0.125
130.02715,-0.215
130.0272,-0.21
130.02725,0.046
130.0273,0.242
130.02734,0.247
130.0274,0.037
130.02745,-0.02
130.0275,0.032
130.02756,0.081
130.0276,-0.037
130.02765,-0.208
130.0277,-0.176
130.02776,0.142
130.0278,0.247
130.02785,0.02
130.0279,-0.129
130.02795,-0.083
130.028,0.112
130.02805,-0.029
130.0281,-0.269
130.02815,-0.19
130.0282,-0.19
130.02824,-0.051
130.0283,-0.005
130.02835,-0.017
130.0284,0.032
130.02844,0.154
130.0285,0.146
130.02855,-0.029
130.0286,0.012
130.02866,0.012
130.0287,0.159
130.02875,0.178
130.0288,0.017
130.02885,0.078
130.0289,0.186
130.02895,0.183
130.029,0.002
130.02905,-0.122
130.0291,-0.107
130.02914,-0.063
130.0292,-0.11
130.02925,-0.244
130.0293,-0.3
130.02934,-0.222
130.0294,-0.095
130.02945,-0.017
130.0295,0.002
130.02956,-0.107
130.0296,0.037
130.02965,0.239
130.0297,0.098
130.02975,-0.12
130.0298,0.002
130.02985,0.276
130.0299,0.3
130.02995,0.103
130.03,-0.12
130.03004,0.107
130.0301,0.266
130.03015,0.288
130.0302,0.017
130.03024,-0.459
130.0303,-0.374
130.03035,0.032
130.0304,-0.027
130.03046,-0.481
130.0305,-0.42
130.03055,0.159
130.0306,0.356
130.03065,0.044
130.0307,-0.078
130.03075,0.049
130.0308,0.22
130.03085,0.159
130.0309,-0.225
130.03094,-0.237
130.031,0.281
130.03105,0.43
130.0311,0.105
130.03114,-0.151
130.0312,-0.012
130.03125,0.242
130.0313,-0.044
130.03136,-0.42
130.0314,-0.432
130.03145,-0.134
130.0315,0.125
130.03156,0.0
130.0316,-0.1
130.03165,0.054
130.0317,0.269
130.03175,0.225
130.0318,0.029
130.03185,-0.093
130.0319,0.0
130.03195,0.056
130.032,-0.173
130.03204,-0.144
130.0321,-0.039
130.03215,-0.015
130.0322,-0.078
130.03226,-0.11
130.0323,-0.127
130.03235,-0.098
130.0324,-0.127
130.03246,-0.195
130.0325,-0.234
130.03255,-0.117
130.0326,0.098
130.03265,0.122
130.0327,0.078
130.03275,0.024
130.0328,0.049
130.03285,0.247
130.0329,0.337
130.03294,0.151
130.033,-0.139
130.03305,-0.181
130.0331,-0.015
130.03316,0.103
130.0332,0.166
130.03325,0.049
130.0333,-0.066
130.03336,-0.051
130.0334,-0.073
130.03345,-0.095
130.0335,-0.034
130.03355,-0.081
130.0336,-0.146
130.03365,-0.034
130.0337,-0.007
130.03375,-0.083
130.0338,-0.01
130.03384,-0.005
130.0339,-0.071
130.03395,-0.105
130.034,0.061
130.03406,-0.007
130.0341,-0.105
130.03415,-0.139
130.0342,-0.01
130.03426,-0.049
130.0343,0.137
130.03435,0.208
130.0344,-0.117
130.03445,-0.076
130.0345,0.264
130.03455,0.31
130.0346,-0.005
130.03465,-0.352
130.0347,-0.2
130.03474,0.02
130.0348,0.037
130.03485,-0.203
130.0349,-0.142
130.03494,0.166
130.035,0.229
130.03505,-0.173
130.0351,-0.364
130.03516,-0.125
130.0352,0.154
130.03525,-0.083
130.0353,-0.286
130.03535,-0.054
130.0354,0.315
130.03545,0.244
130.0355,0.061
130.03555,0.044
130.0356,0.168
130.03564,0.146
130.0357,-0.115
130.03575,-0.261
130.0358,-0.168
130.03584,0.139
130.0359,0.154
130.03595,0.02
130.036,-0.022
130.03606,0.164
130.0361,0.232
130.03615,0.044
130.0362,-0.132
130.03625,-0.112
130.0363,-0.037
130.03635,0.022
130.0364,-0.11
130.03645,-0.237
130.0365,-0.1
130.03654,-0.02
130.0366,0.002
130.03665,-0.081
130.0367,-0.046
130.03674,0.063
130.0368,-0.032
130.03685,-0.164
130.0369,-0.203
130.03696,-0.01
130.037,0.12
130.03705,-0.027
130.0371,0.071
130.03716,0.103
130.0372,0.122
130.03725,0.083
130.0373,-0.11
130.03735,-0.095
130.0374,0.034
130.03745,0.09
130.0375,0.032
130.03755,-0.02
130.0376,-0.051
130.03764,0.046
130.0377,0.105
130.03775,0.059
130.0378,-0.056
130.03786,-0.024
130.0379,-0.083
130.03795,-0.154
130.038,-0.129
130.03806,-0.19
130.0381,-0.103
130.03815,-0.085
130.0382,-0.127
130.03825,-0.154
130.0383,-0.103
130.03835,0.051
130.0384,0.085
130.03845,-0.037
130.0385,-0.059
130.03854,-0.134
130.0386,0.051
130.03865,0.281
130.0387,0.322
130.03876,0.1
130.0388,-0.088
130.03885,0.3
130.0389,0.305
130.03896,0.051
130.039,-0.317
130.03905,-0.203
130.0391,-0.173
130.03915,-0.085
130.0392,-0.242
130.03925,-0.088
130.0393,0.037
130.03935,0.2
130.0394,0.061
130.03944,-0.237
130.0395,-0.247
130.03955,0.046
130.0396,0.09
130.03966,-0.056
130.0397,-0.081
130.03975,0.225
130.0398,0.396
130.03986,0.31
130.0399,0.193
130.03995,0.056
130.04,0.115
130.04005,0.059
130.0401,-0.161
130.04015,-0.227
130.0402,-0.139
130.04025,-0.032
130.0403,0.024
130.04034,0.093
130.0404,0.007
130.04045,0.117
130.0405,0.093
130.04054,0.059
130.0406,-0.005
130.04065,-0.02
130.0407,0.007
130.04076,-0.049
130.0408,-0.093
130.04085,-0.083
130.0409,0.032
130.04095,0.042
130.041,-0.01
130.04105,-0.012
130.0411,-0.024
130.04115,-0.061
130.0412,-0.037
130.04124,0.117
130.0413,-0.081
130.04135,-0.105
130.0414,0.029
130.04144,0.037
130.0415,0.012
130.04155,0.02
130.0416,0.122
130.04166,0.244
130.0417,0.205
130.04175,0.081
130.0418,0.022
130.04185,0.171
130.0419,0.212
130.04195,0.115
130.042,0.012
130.04205,0.117
130.0421,0.21
130.04214,0.044
130.0422,-0.176
130.04225,-0.2
130.0423,-0.132
130.04234,-0.144
130.0424,-0.344
130.04245,-0.269
130.0425,-0.122
130.04256,-0.071
130.0426,-0.083
130.04265,-0.085
130.0427,-0.066
130.04276,0.051
130.0428,0.112
130.04285,-0.088
130.0429,-0.154
130.04295,0.034
130.043,0.461
130.04305,0.413
130.0431,0.088
130.04315,-0.127
130.0432,0.156
130.04324,0.552
130.0433,0.391
130.04335,-0.256
130.0434,-0.222
130.04346,-0.02
130.0435,0.088
130.04355,-0.391
130.0436,-0.459
130.04366,0.059
130.0437,0.339
130.04375,0.178
130.0438,-0.134
130.04385,-0.188
130.0439,0.054
130.04395,0.247
130.044,-0.027
130.04405,-0.356
130.0441,-0.037
130.04414,0.425
130.0442,0.344
130.04425,-0.007
130.0443,0.066
130.04436,0.21
130.0444,0.168
130.04445,-0.19
130.0445,-0.396
130.04456,-0.142
130.0446,0.071
130.04465,-0.029
130.0447,-0.137
130.04475,0.0
130.0448,0.288
130.04485,0.295
130.0449,0.078
130.04495,-0.081
130.045,-0.005
130.04504,0.044
130.0451,-0.002
130.04515,0.068
130.0452,0.046
130.04526,-0.168
130.0453,-0.208
130.04535,-0.029
130.0454,0.037
130.04546,-0.059
130.0455,-0.095
130.04555,-0.168
130.0456,-0.088
130.04565,-0.1
130.0457,-0.19
130.04575,0.049
130.0458,0.212
130.04585,0.129
130.0459,0.051
130.04594,0.12
130.046,0.281
130.04605,0.181
130.0461,-0.117
130.04614,-0.146
130.0462,0.154
130.04625,0.242
130.0463,0.066
130.04636,-0.112
130.0464,-0.007
130.04645,0.142
130.0465,0.11
130.04655,-0.063
130.0466,-0.054
130.04665,-0.09
130.0467,-0.017
130.04675,-0.063
130.0468,-0.11
130.04684,-0.056
130.0469,0.015
130.04695,0.015
130.047,-0.125
130.04704,-0.034
130.0471,0.161
130.04715,0.132
130.0472,-0.083
130.04726,-0.264
130.0473,-0.027
130.04735,0.488
130.0474,0.315
130.04745,-0.063
130.0475,-0.093
130.04755,0.295
130.0476,0.435
130.04765,0.085
130.0477,-0.405
130.04774,-0.366
130.0478,0.295
130.04785,0.278
130.0479,-0.215
130.04794,-0.42
130.048,0.029
130.04805,-0.085
130.0481,-0.122
130.04816,-0.159
130.0482,-0.044
130.04825,-0.042
130.0483,-0.127
130.04836,-0.042
130.0484,0.095
130.04845,0.09
130.0485,0.078
130.04855,0.071
130.0486,0.132
130.04865,0.229
130.0487,0.171
130.04875,-0.024
130.0488,-0.132
130.04884,0.032
130.0489,0.012
130.04895,0.085
130.049,0.042
130.04906,0.068
130.0491,0.032
130.04915,0.093
130.0492,0.112
130.04926,-0.107
130.0493,-0.166
130.04935,-0.066
130.0494,-0.068
130.04945,-0.21
130.0495,-0.103
130.04955,0.107
130.0496,0.029
130.04965,-0.073
130.0497,-0.076
130.04974,0.085
130.0498,-0.049
130.04985,0.007
130.0499,0.151
130.04996,0.01
130.05,0.066
130.05005,0.039
130.0501,0.173
130.05016,0.344
130.0502,0.237
130.05025,-0.112
130.0503,-0.278
130.05035,0.073
130.0504,0.244
130.05045,-0.164
130.0505,-0.337
130.05055,0.032
130.0506,0.325
130.05064,0.242
130.0507,-0.244
130.05075,-0.3
130.0508,0.107
130.05086,0.178
130.0509,-0.203
130.05095,-0.371
130.051,0.002
130.05106,0.464
130.0511,0.242
130.05115,-0.071
130.0512,0.024
130.05125,0.295
130.0513,0.178
130.05135,-0.208
130.0514,-0.242
130.05145,-0.076
130.0515,0.105
130.05154,0.029
130.0516,-0.093
130.05165,0.032
130.0517,0.259
130.05174,0.288
130.0518,-0.1
130.05185,-0.081
130.0519,0.146
130.05196,0.105
130.052,-0.056
130.05205,-0.161
130.0521,-0.12
130.05215,0.007
130.0522,0.1
130.05225,-0.029
130.0523,-0.095
130.05235,0.029
130.0524,0.112
130.05244,0.063
130.0525,-0.039
130.05255,-0.024
130.0526,0.107
130.05264,0.142
130.0527,0.066
130.05275,0.066
130.0528,0.117
130.05286,0.117
130.0529,0.083
130.05295,0.024
130.053,0.137
130.05305,0.2
130.0531,0.127
130.05315,-0.032
130.0532,-0.081
130.05325,0.002
130.0533,0.22
130.05334,0.142
130.0534,0.042
130.05345,0.007
130.0535,0.1
130.05354,0.093
130.0536,-0.046
130.05365,-0.095
130.0537,0.027
130.05376,0.024
130.0538,-0.078
130.05385,-0.11
130.0539,0.029
130.05396,0.171
130.054,0.085
130.05405,-0.127
130.0541,-0.249
130.05415,-0.078
130.0542,0.347
130.05424,0.305
130.0543,0.127
130.05435,-0.227
130.0544,0.037
130.05444,0.347
130.0545,0.176
130.05455,-0.305
130.0546,-0.295
130.05466,0.254
130.0547,0.342
130.05475,-0.657
130.0548,-0.859
130.05486,0.186
130.0549,0.815
130.05495,0.171
130.055,-0.498
130.05505,-0.286
130.0551,0.229
130.05515,0.432
130.0552,-0.115
130.05525,-0.53
130.0553,-0.054
130.05534,0.645
130.0554,0.361
130.05545,-0.176
130.0555,0.078
130.05556,0.21
130.0556,0.139
130.05565,-0.107
130.0557,-0.308
130.05576,-0.105
130.0558,0.208
130.05585,0.125
130.0559,-0.098
130.05595,-0.11
130.056,0.237
130.05605,0.361
130.0561,0.044
130.05615,-0.103
130.0562,-0.044
130.05624,0.12
130.0563,-0.032
130.05635,-0.161
130.0564,-0.039
130.05646,0.093
130.0565,0.093
130.05655,0.024
130.0566,-0.164
130.05666,-0.154
130.0567,-0.054
130.05675,0.09
130.0568,0.032
130.05685,-0.095
130.0569,-0.127
130.05695,0.059
130.057,0.198
130.05705,0.21
130.0571,0.063
130.05714,-0.073
130.0572,0.054
130.05725,0.166
130.0573,0.039
130.05734,-0.049
130.0574,-0.007
130.05745,0.032
130.0575,0.083
130.05756,0.0
130.0576,-0.015
130.05765,0.11
130.0577,0.105
130.05775,-0.056
130.0578,-0.212
130.05785,-0.234
130.0579,-0.139
130.05795,-0.039
130.058,-0.208
130.05804,-0.132
130.0581,-0.151
130.05815,-0.129
130.0582,-0.11
130.05824,-0.015
130.0583,0.01
130.05835,-0.115
130.0584,-0.217
130.05846,-0.051
130.0585,-0.002
130.05855,0.115
130.0586,0.068
130.05865,-0.054
130.0587,0.093
130.05875,0.208
130.0588,0.247
130.05885,0.039
130.0589,-0.312
130.05894,-0.317
130.059,0.049
130.05905,-0.066
130.0591,-0.168
130.05914,-0.071
130.0592,0.142
130.05925,0.137
130.0593,-0.129
130.05936,-0.164
130.0594,-0.034
130.05945,0.198
130.0595,-0.002
130.05956,-0.242
130.0596,-0.066
130.05965,0.315
130.0597,0.435
130.05975,0.073
130.0598,-0.142
130.05984,0.078
130.0599,0.149
130.05995,-0.161
130.06,-0.239
130.06004,-0.203
130.0601,0.007
130.06015,0.01
130.0602,-0.168
130.06026,-0.176
130.0603,0.02
130.06035,0.142
130.0604,0.09
130.06046,-0.056
130.0605,0.002
130.06055,0.115
130.0606,0.112
130.06065,-0.044
130.0607,-0.107
130.06075,0.015
130.0608,0.029
130.06085,-0.117
130.0609,0.002
130.06094,0.02
130.061,-0.078
130.06105,-0.22
130.0611,-0.247
130.06116,-0.159
130.0612,-0.046
130.06125,-0.1
130.0613,-0.217
130.06136,-0.081
130.0614,0.127
130.06145,0.129
130.0615,0.105
130.06155,0.066
130.0616,0.046
130.06165,0.071
130.0617,0.034
130.06175,0.066
130.0618,0.071
130.06184,0.049
130.0619,0.037
130.06195,0.002
130.062,-0.054
130.06206,-0.166
130.0621,-0.22
130.06215,-0.076
130.0622,-0.085
130.06226,-0.171
130.0623,-0.176
130.06235,-0.09
130.0624,-0.085
130.06245,-0.146
130.0625,-0.11
130.06255,-0.049
130.0626,0.063
130.06265,0.225
130.0627,0.02
130.06274,-0.164
130.0628,-0.1
130.06285,0.173
130.0629,0.278
130.06294,0.027
130.063,-0.122
130.06305,-0.273
130.0631,0.239
130.06316,0.212
130.0632,-0.112
130.06325,-0.41
130.0633,-0.295
130.06335,-0.024
130.0634,0.139
130.06345,-0.276
130.0635,-0.483
130.06355,0.061
130.0636,0.366
130.06364,0.115
130.0637,-0.427
130.06375,-0.33
130.0638,0.178
130.06384,0.293
130.0639,-0.21
130.06395,-0.537
130.064,-0.081
130.06406,0.452
130.0641,0.239
130.06415,-0.176
130.0642,-0.107
130.06425,0.186
130.0643,0.222
130.06435,-0.234
130.0644,-0.386
130.06445,-0.103
130.0645,0.164
130.06454,0.039
130.0646,-0.168
130.06465,-0.046
130.0647,0.3
130.06474,0.225
130.0648,0.002
130.06485,-0.085
130.0649,0.078
130.06496,0.078
130.065,-0.171
130.06505,-0.3
130.0651,-0.186
130.06516,0.12
130.0652,0.005
130.06525,-0.054
130.0653,-0.042
130.06535,-0.039
130.0654,0.022
130.06544,-0.056
130.0655,-0.088
130.06555,-0.024
130.0656,0.037
130.06564,-0.076
130.0657,-0.095
130.06575,0.073
130.0658,0.259
130.06586,0.215
130.0659,0.027
130.06595,0.012
130.066,-0.032
130.06606,0.105
130.0661,0.173
130.06615,-0.017
130.0662,-0.137
130.06625,-0.046
130.0663,0.154
130.06635,0.19
130.0664,-0.012
130.06645,-0.085
130.0665,-0.071
130.06654,0.093
130.0666,-0.005
130.06665,-0.146
130.0667,-0.115
130.06676,0.012
130.0668,-0.037
130.06685,-0.007
130.0669,-0.032
130.06696,0.063
130.067,0.1
130.06705,0.051
130.0671,-0.085
130.06715,-0.161
130.0672,-0.059
130.06725,0.112
130.0673,0.151
130.06735,0.122
130.0674,-0.061
130.06744,-0.017
130.0675,0.344
130.06755,0.11
130.0676,-0.273
130.06766,-0.344
130.0677,-0.059
130.06775,0.139
130.0678,-0.156
130.06786,-0.3
130.0679,0.173
130.06795,0.449
130.068,0.039
130.06805,-0.242
130.0681,-0.144
130.06815,0.208
130.0682,0.117
130.06825,-0.195
130.0683,-0.349
130.06834,0.142
130.0684,0.457
130.06845,0.149
130.0685,0.027
130.06854,0.203
130.0686,0.352
130.06865,0.149
130.0687,-0.154
130.06876,-0.164
130.0688,0.078
130.06885,0.095
130.0689,-0.105
130.06895,-0.164
130.069,0.037
130.06905,0.193
130.0691,0.11
130.06915,-0.02
130.0692,-0.071
130.06924,0.027
130.0693,-0.02
130.06935,-0.093
130.0694,-0.156
130.06944,-0.063
130.0695,0.095
130.06955,0.085
130.0696,0.017
130.06966,0.015
130.0697,0.081
130.06975,0.024
130.0698,-0.012
130.06985,-0.088
130.0699,-0.193
130.06995,-0.066
130.07,0.129
130.07005,0.085
130.0701,0.117
130.07014,-0.012
130.0702,0.068
130.07025,0.103
130.0703,0.01
130.07034,-0.007
130.0704,0.09
130.07045,0.134
130.0705,0.129
130.07056,0.173
130.0706,0.144
130.07065,0.146
130.0707,0.127
130.07076,0.151
130.0708,-0.02
130.07085,-0.134
130.0709,-0.1
130.07095,-0.115
130.071,-0.117
130.07104,-0.186
130.0711,-0.168
130.07115,-0.042
130.0712,-0.037
130.07124,-0.129
130.0713,-0.061
130.07135,0.117
130.0714,0.034
130.07146,-0.051
130.0715,-0.088
130.07155,0.012
130.0716,0.398
130.07166,0.449
130.0717,0.122
130.07175,-0.027
130.0718,0.183
130.07185,0.496
130.0719,0.234
130.07195,-0.337
130.072,-0.481
130.07205,-0.024
130.0721,0.054
130.07214,-0.496
130.0722,-0.386
130.07225,0.203
130.0723,0.417
130.07236,0.01
130.0724,-0.396
130.07245,-0.154
130.0725,0.227
130.07256,0.264
130.0726,-0.139
130.07265,-0.271
130.0727,0.264
130.07275,0.591
130.0728,0.364
130.07285,0.066
130.0729,0.161
130.07295,0.288
130.073,0.046
130.07304,-0.403
130.0731,-0.435
130.07315,-0.112
130.0732,0.029
130.07326,-0.002
130.0733,-0.076
130.07335,0.117
130.0734,0.266
130.07346,0.112
130.0735,-0.068
130.07355,-0.105
130.0736,-0.012
130.07365,-0.007
130.0737,-0.054
130.07375,-0.051
130.0738,0.02
130.07385,0.105
130.0739,0.073
130.07394,0.051
130.074,-0.017
130.07405,-0.168
130.0741,-0.151
130.07414,-0.061
130.0742,-0.11
130.07425,-0.168
130.0743,-0.061
130.07436,0.005
130.0744,0.032
130.07445,0.071
130.0745,0.107
130.07455,0.122
130.0746,0.117
130.07465,0.154
130.0747,0.151
130.07475,0.132
130.0748,0.183
130.07484,0.21
130.0749,0.161
130.07495,0.11
130.075,0.1
130.07504,0.081
130.0751,-0.11
130.07515,-0.168
130.0752,-0.046
130.07526,-0.11
130.0753,-0.085
130.07535,-0.164
130.0754,-0.298
130.07545,-0.149
130.0755,0.066
130.07555,0.039
130.0756,-0.168
130.07565,-0.081
130.0757,0.12
130.07574,0.127
130.0758,-0.1
130.07585,-0.081
130.0759,0.117
130.07594,0.369
130.076,0.249
130.07605,-0.051
130.0761,0.005
130.07616,0.134
130.0762,0.293
130.07625,-0.015
130.0763,-0.422
130.07635,-0.432
130.0764,0.122
130.07645,-0.242
130.0765,-0.266
130.07655,-0.249
130.0766,0.269
130.07664,0.249
130.0767,-0.059
130.07675,-0.308
130.0768,-0.125
130.07684,0.217
130.0769,0.188
130.07695,-0.195
130.077,-0.239
130.07706,0.176
130.0771,0.422
130.07715,0.2
130.0772,-0.061
130.07726,0.027
130.0773,0.127
130.07735,-0.098
130.0774,-0.32
130.07745,-0.269
130.0775,-0.205
130.07755,-0.095
130.0776,-0.071
130.07765,-0.054
130.0777,0.208
130.07774,0.254
130.0778,0.12
130.07785,0.039
130.0779,-0.029
130.07796,0.056
130.078,0.027
130.07805,-0.188
130.0781,-0.215
130.07816,-0.02
130.0782,0.015
130.07825,-0.11
130.0783,-0.156
130.07835,-0.117
130.0784,-0.02
130.07845,-0.049
130.0785,-0.125
130.07855,-0.11
130.0786,-0.115
130.07864,-0.051
130.0787,0.046
130.07875,0.107
130.0788,0.051
130.07886,0.132
130.0789,0.254
130.07895,0.181
130.079,0.115
130.07906,0.042
130.0791,0.127
130.07915,0.015
130.0792,-0.012
130.07925,-0.051
130.0793,0.029
130.07935,0.105
130.0794,-0.01
130.07945,-0.088
130.0795,-0.088
130.07954,-0.027
130.0796,-0.095
130.07965,-0.181
130.0797,-0.208
130.07974,-0.178
130.0798,-0.076
130.07985,0.01
130.0799,-0.068
130.07996,-0.059
130.08,0.129
130.08005,0.159
130.0801,-0.068
130.08015,-0.146
130.0802,0.007
130.08025,0.09
130.0803,0.159
130.08035,-0.027
130.0804,0.059
130.08044,0.017
130.0805,0.4
130.08055,0.156
130.0806,-0.103
130.08064,-0.435
130.0807,-0.154
130.08075,0.078
130.0808,-0.173
130.08086,-0.378
130.0809,0.09
130.08095,0.354
130.081,0.081
130.08105,-0.281
130.0811,-0.208
130.08115,-0.024
130.0812,0.1
130.08125,-0.061
130.0813,-0.398
130.08134,-0.19
130.0814,0.281
130.08145,0.327
130.0815,0.015
130.08154,0.042
130.0816,0.244
130.08165,0.073
130.0817,-0.21
130.08176,-0.332
130.0818,-0.073
130.08185,0.056
130.0819,-0.037
130.08195,-0.176
130.082,-0.012
130.08205,0.198
130.0821,0.361
130.08215,0.31
130.0822,-0.178
130.08224,-0.276
130.0823,-0.22
130.08235,-0.093
130.0824,-0.012
130.08244,-0.034
130.0825,-0.105
130.08255,-0.181
130.0826,-0.002
130.08266,0.117
130.0827,0.002
130.08275,-0.01
130.0828,-0.012
130.08286,-0.149
130.0829,-0.137
130.08295,-0.002
130.083,0.073
130.08305,0.044
130.0831,-0.017
130.08315,-0.032
130.0832,0.173
130.08325,0.364
130.0833,0.251
130.08334,-0.042
130.0834,-0.161
130.08345,0.029
130.0835,0.132
130.08356,0.005
130.0836,0.034
130.08365,0.107
130.0837,0.103
130.08376,0.076
130.0838,-0.007
130.08385,-0.027
130.0839,-0.049
130.08395,-0.112
130.084,-0.242
130.08405,-0.283
130.0841,-0.176
130.08415,-0.02
130.0842,-0.071
130.08424,-0.171
130.0843,-0.154
130.08435,0.046
130.0844,0.103
130.08446,-0.149
130.0845,-0.237
130.08455,-0.049
130.0846,0.122
130.08466,0.134
130.0847,0.073
130.08475,0.056
130.0848,0.178
130.08485,0.359
130.0849,0.198
130.08495,-0.12
130.085,-0.271
130.08505,0.085
130.0851,0.088
130.08514,-0.5
130.0852,-0.398
130.08525,0.498
130.0853,0.535
130.08534,-0.173
130.0854,-0.547
130.08545,-0.132
130.0855,0.249
130.08556,0.002
130.0856,-0.344
130.08565,-0.222
130.0857,0.371
130.08575,0.513
130.0858,0.085
130.08585,0.042
130.0859,0.347
130.08595,0.344
130.086,-0.112
130.08604,-0.339
130.0861,-0.171
130.08615,0.088
130.0862,0.046
130.08624,-0.251
130.0863,-0.122
130.08635,0.078
130.0864,0.276
130.08646,0.073
130.0865,-0.11
130.08655,-0.017
130.0866,0.034
130.08665,-0.068
130.0867,-0.137
130.08675,-0.09
130.0868,0.061
130.08685,0.046
130.0869,0.012
130.08694,0.007
130.087,0.007
130.08705,0.02
130.0871,0.017
130.08714,-0.051
130.0872,-0.176
130.08725,-0.076
130.0873,0.054
130.08736,0.095
130.0874,-0.005
130.08745,0.054
130.0875,0.176
130.08755,0.222
130.0876,0.164
130.08765,-0.002
130.0877,-0.093
130.08775,0.125
130.0878,0.242
130.08784,0.107
130.0879,-0.039
130.08795,0.054
130.088,0.195
130.08804,0.024
130.0881,-0.056
130.08815,-0.105
130.0882,-0.166
130.08826,-0.19
130.0883,-0.239
130.08835,-0.19
130.0884,-0.142
130.08846,-0.056
130.0885,-0.078
130.08855,-0.266
130.0886,-0.242
130.08865,0.01
130.0887,0.12
130.08875,-0.051
130.0888,-0.205
130.08885,0.166
130.0889,0.305
130.08894,0.264
130.089,0.127
130.08905,-0.129
130.0891,0.049
130.08916,0.427
130.0892,0.322
130.08925,-0.081
130.0893,-0.601
130.08936,-0.229
130.0894,0.076
130.08945,-0.125
130.0895,-0.496
130.08955,-0.186
130.0896,0.261
130.08965,0.349
130.0897,-0.176
130.08975,-0.303
130.0898,-0.066
130.08984,0.295
130.0899,0.085
130.08995,-0.188
130.09,-0.049
130.09006,0.447
130.0901,0.391
130.09015,0.012
130.0902,-0.066
130.09026,0.151
130.0903,0.134
130.09035,-0.232
130.0904,-0.415
130.09045,-0.212
130.0905,0.024
130.09055,0.015
130.0906,-0.19
130.09065,-0.146
130.0907,0.107
130.09074,0.2
130.0908,0.2
130.09085,0.139
130.0909,0.059
130.09094,-0.054
130.091,-0.015
130.09105,0.022
130.0911,0.024
130.09116,0.076
130.0912,0.085
130.09125,0.017
130.0913,-0.144
130.09135,-0.076
130.0914,-0.056
130.09145,-0.117
130.0915,-0.188
130.09155,-0.261
130.0916,-0.276
130.09164,-0.005
130.0917,0.054
130.09175,0.122
130.0918,0.051
130.09184,0.134
130.0919,0.269
130.09195,0.259
130.092,0.051
130.09206,0.005
130.0921,0.076
130.09215,0.132
130.0922,0.056
130.09225,-0.012
130.0923,0.115
130.09235,0.164
130.0924,-0.032
130.09245,-0.166
130.0925,-0.144
130.09254,-0.032
130.0926,-0.105
130.09265,-0.251
130.0927,-0.232
130.09274,-0.134
130.0928,-0.073
130.09285,0.015
130.0929,0.044
130.09296,0.081
130.093,0.103
130.09305,0.095
130.0931,0.105
130.09315,0.032
130.0932,0.027
130.09325,0.159
130.0933,0.195
130.09335,0.005
130.0934,-0.032
130.09344,0.227
130.0935,0.303
130.09355,0.032
130.0936,-0.369
130.09364,-0.322
130.0937,-0.051
130.09375,-0.1
130.0938,-0.386
130.09386,-0.342
130.0939,0.107
130.09395,0.33
130.094,0.125
130.09406,-0.154
130.0941,-0.139
130.09415,0.129
130.0942,0.139
130.09425,-0.205
130.0943,-0.2
130.09435,0.212
130.0944,0.317
130.09445,0.132
130.0945,-0.044
130.09454,0.134
130.0946,0.183
130.09465,-0.051
130.0947,-0.234
130.09476,-0.012
130.0948,0.007
130.09485,0.078
130.0949,-0.061
130.09496,0.024
130.095,0.198
130.09505,0.232
130.0951,0.178
130.09515,0.083
130.0952,0.022
130.09525,0.127
130.0953,0.029
130.09535,-0.037
130.0954,-0.083
130.09544,-0.083
130.0955,-0.061
130.09555,0.005
130.0956,-0.044
130.09566,-0.027
130.0957,0.01
130.09575,-0.042
130.0958,-0.127
130.09586,-0.107
130.0959,-0.068
130.09595,-0.078
130.096,0.059
130.09605,0.181
130.0961,0.137
130.09615,0.051
130.0962,0.127
130.09625,0.171
130.0963,0.171
130.09634,0.134
130.0964,0.176
130.09645,0.044
130.0965,0.042
130.09656,0.012
130.0966,-0.066
130.09665,-0.027
130.0967,-0.005
130.09676,-0.051
130.0968,-0.022
130.09685,0.061
130.0969,-0.056
130.09695,-0.12
130.097,-0.081
130.09705,-0.073
130.0971,-0.081
130.09715,-0.044
130.0972,0.002
130.09724,0.0
130.0973,0.034
130.09735,0.115
130.0974,-0.015
130.09744,-0.217
130.0975,-0.076
130.09755,0.081
130.0976,0.107
130.09766,0.068
130.0977,-0.063
130.09775,-0.02
130.0978,0.364
130.09785,0.225
130.0979,-0.19
130.09795,-0.444
130.098,-0.105
130.09805,0.3
130.0981,-0.071
130.09814,-0.344
130.0982,0.017
130.09825,0.457
130.0983,0.161
130.09834,-0.339
130.0984,-0.276
130.09845,0.059
130.0985,0.244
130.09856,-0.1
130.0986,-0.42
130.09865,-0.095
130.0987,0.452
130.09875,0.369
130.0988,-0.039
130.09885,0.024
130.0989,0.264
130.09895,0.203
130.099,-0.105
130.09904,-0.334
130.0991,-0.122
130.09915,0.168
130.0992,0.112
130.09924,-0.1
130.0993,0.017
130.09935,0.337
130.0994,0.349
130.09946,0.02
130.0995,-0.168
130.09955,-0.093
130.0996,0.093
130.09966,-0.01
130.0997,-0.093
130.09975,-0.161
130.0998,-0.032
130.09985,0.103
130.0999,0.056
130.09995,-0.007
130.1,-0.027
130.10005,0.0
130.1001,-0.049
130.10014,-0.046
130.1002,0.02
130.10025,0.017
130.1003,0.073
130.10036,0.115
130.1004,0.046
130.10045,0.081
130.1005,0.063
130.10056,0.146
130.1006,0.117
130.10065,-0.005
130.1007,-0.059
130.10075,0.107
130.1008,0.139
130.10085,0.098
130.1009,0.042
130.10095,0.112
130.101,0.227
130.10104,0.056
130.1011,-0.034
130.10115,-0.059
130.1012,-0.029
130.10126,-0.085
130.1013,-0.186
130.10135,-0.115
130.1014,-0.037
130.10146,0.01
130.1015,-0.125
130.10155,-0.21
130.1016,-0.178
130.10165,0.112
130.1017,0.071
130.10175,-0.156
130.1018,-0.371
130.10185,-0.225
130.1019,0.332
130.10194,0.295
130.102,0.015
130.10205,-0.054
130.1021,0.222
130.10216,0.449
130.1022,0.308
130.10225,-0.215
130.1023,-0.32
130.10236,-0.027
130.1024,0.088
130.10245,-0.31
130.1025,-0.349
130.10255,0.015
130.1026,0.315
130.10265,0.129
130.1027,-0.454
130.10275,-0.427
130.1028,0.042
130.10284,0.269
130.1029,-0.137
130.10295,-0.452
130.103,-0.027
130.10304,0.508
130.1031,0.32
130.10315,-0.132
130.1032,-0.059
130.10326,0.234
130.1033,0.237
130.10335,-0.293
130.1034,-0.493
130.10345,-0.186
130.1035,-0.039
130.10355,-0.125
130.1036,-0.239
130.10365,-0.205
130.1037,0.21
130.10374,0.19
130.1038,0.044
130.10385,-0.068
130.1039,-0.054
130.10394,0.02
130.104,-0.059
130.10405,-0.11
130.1041,0.049
130.10416,0.11
130.1042,0.034
130.10425,0.022
130.1043,0.095
130.10435,0.056
130.1044,0.0
130.10445,-0.171
130.1045,-0.254
130.10455,-0.146
130.1046,-0.059
130.10464,0.039
130.1047,0.068
130.10475,-0.012
130.1048,-0.039
130.10484,-0.02
130.1049,0.042
130.10495,0.081
130.105,0.059
130.10506,0.103
130.1051,0.132
130.10515,0.085
130.1052,0.027
130.10526,-0.01
130.1053,0.168
130.10535,0.056
130.1054,-0.027
130.10545,-0.029
130.1055,-0.049
130.10555,-0.205
130.1056,-0.195
130.10565,-0.137
130.1057,-0.2
130.10574,-0.11
130.1058,-0.051
130.10585,-0.059
130.1059,-0.134
130.10596,-0.022
130.106,0.125
130.10605,0.071
130.1061,-0.112
130.10616,-0.173
130.1062,0.024
130.10625,0.212
130.1063,0.322
130.10635,0.303
130.1064,0.002
130.10645,0.029
130.1065,0.283
130.10655,0.037
130.1066,-0.156
130.10664,-0.488
130.1067,-0.203
130.10675,-0.032
130.1068,-0.366
130.10686,-0.559
130.1069,-0.049
130.10695,0.437
130.107,0.308
130.10706,-0.178
130.1071,-0.259
130.10715,0.061
130.1072,0.137
130.10725,-0.117
130.1073,-0.342
130.10735,-0.034
130.1074,0.383
130.10745,0.305
130.1075,0.066
130.10754,0.071
130.1076,0.239
130.10765,0.073
130.1077,-0.286
130.10776,-0.435
130.1078,-0.193
130.10785,0.068
130.1079,0.02
130.10796,-0.273
130.108,-0.225
130.10805,0.21
130.1081,0.164
130.10815,0.127
130.1082,0.186
130.10825,-0.066
130.1083,-0.056
130.10835,-0.032
130.1084,-0.059
130.10844,-0.078
130.1085,-0.088
130.10855,-0.002
130.1086,-0.01
130.10864,-0.083
130.1087,-0.129
130.10875,-0.115
130.1088,-0.166
130.10886,-0.122
130.1089,-0.176
130.10895,-0.146
130.109,-0.115
130.10905,-0.032
130.1091,0.007
130.10915,0.166
130.1092,0.256
130.10925,0.166
130.1093,0.051
130.10934,-0.037
130.1094,-0.012
130.10945,0.076
130.1095,0.161
130.10954,-0.063
130.1096,-0.088
130.10965,0.027
130.1097,0.037
130.10976,-0.063
130.1098,-0.127
130.10985,-0.063
130.1099,-0.044
130.10995,-0.107
130.11,-0.171
130.11005,-0.146
130.1101,-0.115
130.11015,-0.125
130.1102,-0.037
130.11024,0.007
130.1103,0.117
130.11035,0.2
130.1104,0.149
130.11044,0.042
130.1105,-0.027
130.11055,-0.007
130.1106,-0.027
130.11066,0.103
130.1107,0.164
130.11075,-0.125
130.1108,0.056
130.11086,0.442
130.1109,0.22
130.11095,-0.31
130.111,-0.376
130.11105,-0.164
130.1111,-0.073
130.11115,-0.232
130.1112,-0.122
130.11125,0.117
130.1113,0.31
130.11134,0.022
130.1114,-0.334
130.11145,-0.186
130.1115,0.112
130.11156,0.107
130.1116,-0.269
130.11165,-0.432
130.1117,0.002
130.11176,0.339
130.1118,0.173
130.11185,-0.049
130.1119,-0.022
130.11195,0.176
130.112,0.137
130.11205,-0.171
130.1121,-0.3
130.11215,-0.154
130.1122,0.054
130.11224,0.005
130.1123,-0.012
130.11235,0.083
130.1124,0.251
130.11246,0.164
130.1125,-0.039
130.11255,-0.095
130.1126,-0.195
130.11266,-0.144
130.1127,-0.098
130.11275,-0.156
130.1128,-0.154
130.11285,-0.059
130.1129,0.0
130.11295,0.049
130.113,-0.073
130.11305,-0.085
130.1131,0.0
130.11314,0.059
130.1132,-0.012
130.11325,-0.063
130.1133,-0.115
130.11336,-0.039
130.1134,0.051
130.11345,0.093
130.1135,0.115
130.11356,0.273
130.1136,0.259
130.11365,0.088
130.1137,-0.059
130.11375,0.027
130.1138,0.154
130.11385,0.073
130.1139,0.015
130.11395,0.037
130.114,0.186
130.11404,0.159
130.1141,0.095
130.11415,0.017
130.1142,-0.032
130.11424,-0.007
130.1143,-0.054
130.11435,-0.142
130.1144,-0.146
130.11446,-0.088
130.1145,-0.137
130.11455,-0.2
130.1146,-0.073
130.11465,0.088
130.1147,0.134
130.11475,-0.005
130.1148,-0.273
130.11485,-0.059
130.1149,0.234
130.11494,0.217
130.115,-0.027
130.11505,-0.149
130.1151,0.056
130.11514,0.337
130.1152,0.295
130.11525,-0.093
130.1153,-0.415
130.11536,-0.312
130.1154,0.09
130.11545,0.176
130.1155,-0.337
130.11555,-0.32
130.1156,0.356
130.11565,0.352
130.1157,-0.093
130.11575,-0.2
130.1158,-0.071
130.11584,0.166
130.1159,0.034
130.11595,-0.239
130.116,-0.327
130.11604,0.171
130.1161,0.43
130.11615,0.2
130.1162,0.032
130.11626,0.227
130.1163,0.288
130.11635,0.005
130.1164,-0.276
130.11646,-0.178
130.1165,-0.037
130.11655,0.066
130.1166,0.037
130.11665,-0.134
130.1167,0.159
130.11674,0.308
130.1168,0.186
130.11685,-0.085
130.1169,-0.198
130.11694,-0.083
130.117,-0.039
130.11705,-0.088
130.1171,-0.1
130.11716,-0.005
130.1172,0.098
130.11725,0.088
130.1173,0.056
130.11736,-0.09
130.1174,0.042
130.11745,0.173
130.1175,-0.081
130.11755,-0.212
130.1176,-0.103
130.11765,0.022
130.1177,0.029
130.11775,-0.078
130.1178,-0.137
130.11784,0.046
130.1179,0.232
130.11795,0.21
130.118,-0.007
130.11806,-0.115
130.1181,0.039
130.11815,0.129
130.1182,0.073
130.11826,-0.02
130.1183,0.093
130.11835,0.166
130.1184,0.183
130.11845,-0.002
130.1185,-0.081
130.11855,-0.059
130.1186,-0.056
130.11865,-0.259
130.1187,-0.249
130.11874,-0.107
130.1188,-0.046
130.11885,-0.117
130.1189,-0.186
130.11896,-0.09
130.119,0.095
130.11905,0.144
130.1191,-0.046
130.11916,-0.291
130.1192,-0.178
130.11925,0.291
130.1193,0.364
130.11935,0.056
130.1194,0.034
130.11945,0.154
130.1195,0.439
130.11955,0.288
130.1196,-0.076
130.11964,-0.371
130.1197,-0.261
130.11975,0.151
130.1198,-0.078
130.11984,-0.564
130.1199,-0.215
130.11995,0.537
130.12,0.518
130.12006,-0.278
130.1201,-0.588
130.12015,-0.1
130.1202,0.303
130.12025,0.088
130.1203,-0.276
130.12035,-0.178
130.1204,0.242
130.12045,0.435
130.1205,0.171
130.12054,-0.005
130.1206,0.115
130.12065,0.173
130.1207,-0.164
130.12074,-0.413
130.1208,-0.234
130.12085,0.017
130.1209,-0.005
130.12096,-0.159
130.121,-0.127
130.12105,0.046
130.1211,0.281
130.12115,0.168
130.1212,-0.034
130.12125,-0.039
130.1213,0.1
130.12135,0.063
130.1214,-0.042
130.12144,-0.056
130.1215,-0.017
130.12155,0.027
130.1216,0.029
130.12164,0.085
130.1217,0.076
130.12175,-0.068
130.1218,-0.154
130.12186,-0.178
130.1219,-0.12
130.12195,-0.042
130.122,-0.1
130.12206,-0.132
130.1221,0.042
130.12215,0.095
130.1222,0.132
130.12225,0.193
130.1223,0.142
130.12234,-0.042
130.1224,-0.095
130.12245,0.032
130.1225,0.239
130.12254,0.186
130.1226,0.068
130.12265,-0.005
130.1227,0.042
130.12276,0.056
130.1228,-0.039
130.12285,-0.115
130.1229,-0.142
130.12296,-0.142
130.123,-0.249
130.12305,-0.239
130.1231,-0.115
130.12315,0.007
130.1232,-0.015
130.12325,-0.076
130.1233,0.002
130.12335,0.205
130.1234,0.149
130.12344,-0.095
130.1235,-0.159
130.12355,-0.005
130.1236,0.303
130.12366,0.334
130.1237,0.154
130.12375,-0.186
130.1238,-0.032
130.12386,0.237
130.1239,0.288
130.12395,-0.015
130.124,-0.471
130.12405,-0.381
130.1241,0.107
130.12415,-0.09
130.1242,-0.376
130.12425,-0.168
130.1243,0.374
130.12434,0.366
130.1244,-0.002
130.12445,-0.354
130.1245,-0.146
130.12456,0.261
130.1246,0.161
130.12465,-0.205
130.1247,-0.239
130.12476,0.161
130.1248,0.293
130.12485,0.125
130.1249,0.007
130.12495,0.198
130.125,0.024
130.12505,-0.098
130.1251,-0.33
130.12515,-0.156
130.1252,0.129
130.12524,0.127
130.1253,0.027
130.12535,-0.037
130.1254,0.078
130.12544,0.22
130.1255,0.168
130.12555,0.168
130.1256,0.073
130.12566,-0.034
130.1257,-0.156
130.12575,-0.254
130.1258,-0.095
130.12585,0.044
130.1259,0.137
130.12595,0.007
130.126,-0.112
130.12605,-0.054
130.1261,-0.049
130.12614,-0.112
130.1262,-0.103
130.12625,-0.11
130.1263,-0.139
130.12634,-0.095
130.1264,-0.015
130.12645,0.046
130.1265,0.103
130.12656,0.186
130.1266,0.21
130.12665,0.227
130.1267,0.068
130.12675,-0.098
130.1268,-0.002
130.12685,0.144
130.1269,0.149
130.12695,0.0
130.127,0.0
130.12704,0.044
130.1271,0.0
130.12715,-0.012
130.1272,-0.037
130.12724,-0.022
130.1273,-0.015
130.12735,-0.127
130.1274,-0.188
130.12746,-0.144
130.1275,-0.007
130.12755,0.002
130.1276,-0.044
130.12766,0.044
130.1277,0.056
130.12775,0.068
130.1278,-0.049
130.12785,-0.12
130.1279,0.051
130.12794,0.225
130.128,0.137
130.12805,-0.034
130.1281,-0.039
130.12814,0.11
130.1282,0.239
130.12825,0.305
130.1283,-0.037
130.12836,-0.288
130.1284,-0.105
130.12845,0.125
130.1285,-0.149
130.12856,-0.291
130.1286,-0.005
130.12865,0.337
130.1287,0.144
130.12875,-0.154
130.1288,-0.31
130.12885,-0.088
130.1289,0.105
130.12895,-0.105
130.129,-0.364
130.12904,-0.144
130.1291,0.322
130.12915,0.344
130.1292,0.066
130.12926,0.081
130.1293,0.227
130.12935,0.181
130.1294,-0.166
130.12946,-0.374
130.1295,-0.129
130.12955,0.11
130.1296,0.037
130.12965,-0.078
130.1297,0.078
130.12975,0.303
130.1298,0.237
130.12985,0.078
130.1299,-0.02
130.12994,-0.015
130.13,0.054
130.13005,-0.088
130.1301,-0.288
130.13016,-0.173
130.1302,0.083
130.13025,0.127
130.1303,0.017
130.13036,-0.039
130.1304,-0.024
130.13045,-0.01
130.1305,-0.02
130.13055,-0.166
130.1306,-0.134
130.13065,0.0
130.1307,0.01
130.13075,-0.007
130.1308,0.063
130.13084,0.049
130.1309,0.054
130.13095,0.139
130.131,0.137
130.13104,0.0
130.1311,-0.076
130.13115,0.042
130.1312,0.112
130.13126,0.066
130.1313,0.012
130.13135,0.054
130.1314,0.078
130.13145,-0.076
130.1315,-0.117
130.13155,0.012
130.1316,0.054
130.13165,0.032
130.1317,-0.103
130.13174,-0.107
130.1318,0.039
130.13185,0.032
130.1319,-0.068
130.13194,-0.156
130.132,-0.139
130.13205,-0.032
130.1321,0.063
130.13216,-0.012
130.1322,-0.156
130.13225,-0.193
130.1323,0.09
130.13235,0.32
130.1324,0.149
130.13245,-0.149
130.1325,-0.042
130.13255,0.227
130.1326,0.305
130.13264,0.115
130.1327,-0.283
130.13275,-0.337
130.1328,-0.061
130.13284,0.144
130.1329,-0.188
130.13295,-0.454
130.133,-0.071
130.13306,0.229
130.1331,-0.01
130.13315,-0.422
130.1332,-0.276
130.13326,0.039
130.1333,0.1
130.13335,-0.168
130.1334,-0.32
130.13345,0.083
130.1335,0.452
130.13354,0.361
130.1336,0.078
130.13365,0.107
130.1337,0.171
130.13374,0.063
130.1338,-0.12
130.13385,-0.154
130.1339,0.042
130.13396,0.027
130.134,-0.017
130.13405,-0.093
130.1341,0.027
130.13416,0.171
130.1342,0.217
130.13425,-0.032
130.1343,-0.19
130.13435,0.002
130.1344,0.02
130.13445,-0.093
130.1345,-0.1
130.13455,0.063
130.1346,0.149
130.13464,-0.027
130.1347,-0.037
130.13475,0.105
130.1348,0.115
130.13486,-0.071
130.1349,-0.215
130.13495,-0.129
130.135,0.01
130.13506,-0.037
130.1351,-0.09
130.13515,0.0
130.1352,-0.005
130.13525,0.11
130.1353,0.083
130.13535,0.1
130.1354,0.105
130.13545,0.02
130.1355,0.088
130.13554,0.2
130.1356,0.161
130.13565,0.059
130.1357,0.046
130.13576,0.1
130.1358,0.134
130.13585,-0.022
130.1359,-0.081
130.13596,-0.049
130.136,0.022
130.13605,-0.083
130.1361,-0.291
130.13615,-0.269
130.1362,-0.117
130.13625,-0.071
130.1363,-0.139
130.13635,-0.164
130.1364,-0.01
130.13644,0.168
130.1365,0.129
130.13655,-0.042
130.1366,-0.044
130.13664,0.093
130.1367,0.247
130.13675,0.217
130.1368,0.156
130.13686,-0.085
130.1369,0.076
130.13695,0.32
130.137,0.266
130.13705,-0.059
130.1371,-0.315
130.13715,-0.193
130.1372,0.071
130.13725,-0.19
130.1373,-0.466
130.13734,-0.269
130.1374,0.251
130.13745,0.295
130.1375,-0.171
130.13754,-0.295
130.1376,-0.051
130.13765,0.273
130.1377,0.017
130.13776,-0.298
130.1378,-0.039
130.13785,0.344
130.1379,0.286
130.13795,0.042
130.138,0.066
130.13805,0.198
130.1381,0.105
130.13815,-0.146
130.1382,-0.32
130.13824,-0.239
130.1383,0.054
130.13835,0.071
130.1384,-0.088
130.13844,-0.037
130.1385,0.149
130.13855,0.195
130.1386,0.078
130.13866,-0.039
130.1387,0.032
130.13875,0.164
130.1388,0.059
130.13885,-0.142
130.1389,-0.139
130.13895,-0.012
130.139,0.056
130.13905,-0.024
130.1391,-0.186
130.13914,-0.144
130.1392,-0.103
130.13925,-0.098
130.1393,-0.227
130.13934,-0.251
130.1394,-0.178
130.13945,-0.088
130.1395,0.066
130.13956,0.034
130.1396,0.068
130.13965,0.125
130.1397,0.227
130.13976,0.276
130.1398,0.164
130.13985,0.042
130.1399,0.181
130.13995,0.217
130.14,0.085
130.14005,0.024
130.1401,-0.066
130.14015,0.068
130.1402,0.051
130.14024,-0.063
130.1403,-0.115
130.14035,-0.1
130.1404,-0.151
130.14046,-0.276
130.1405,-0.344
130.14055,-0.215
130.1406,-0.029
130.14066,0.017
130.1407,-0.107
130.14075,-0.186
130.1408,-0.039
130.14085,0.19
130.1409,0.112
130.14095,-0.083
130.141,-0.112
130.14105,0.029
130.1411,0.354
130.14114,0.271
130.1412,0.037
130.14125,-0.117
130.1413,0.02
130.14136,0.291
130.1414,0.017
130.14145,-0.342
130.1415,-0.322
130.14156,-0.129
130.1416,0.173
130.14165,-0.376
130.1417,-0.481
130.14175,0.149
130.1418,0.63
130.14185,0.105
130.1419,-0.344
130.14195,-0.188
130.142,0.212
130.14204,0.19
130.1421,-0.222
130.14215,-0.496
130.1422,-0.059
130.14224,0.371
130.1423,0.215
130.14235,-0.066
130.1424,0.029
130.14246,0.22
130.1425,0.193
130.14255,-0.149
130.1426,-0.361
130.14265,-0.22
130.1427,0.027
130.14275,0.215
130.1428,0.103
130.14285,0.103
130.1429,0.259
130.14294,0.22
130.143,0.022
130.14305,-0.012
130.1431,-0.012
130.14314,0.002
130.1432,-0.139
130.14325,-0.222
130.1433,-0.127
130.14336,0.015
130.1434,-0.044
130.14345,-0.159
130.1435,-0.11
130.14355,-0.007
130.1436,-0.073
130.14365,-0.186
130.1437,-0.095
130.14375,-0.105
130.1438,-0.095
130.14384,-0.049
130.1439,0.059
130.14395,0.059
130.144,0.068
130.14404,0.083
130.1441,0.166
130.14415,0.093
130.1442,-0.049
130.14426,-0.083
130.1443,-0.007
130.14435,0.063
130.1444,0.039
130.14445,0.015
130.1445,0.115
130.14455,0.193
130.1446,0.063
130.14465,-0.029
130.1447,-0.107
130.14474,-0.164
130.1448,-0.178
130.14485,-0.193
130.1449,-0.063
130.14494,0.0
130.145,-0.027
130.14505,-0.144
130.1451,-0.203
130.14516,-0.073
130.1452,0.129
130.14525,0.056
130.1453,-0.137
130.14536,-0.244
130.1454,-0.059
130.14545,0.237
130.1455,0.317
130.14555,0.139
130.1456,-0.034
130.14565,0.107
130.1457,0.378
130.14575,0.349
130.1458,-0.249
130.14584,-0.342
130.1459,-0.12
130.14595,0.225
130.146,-0.3
130.14606,-0.1
130.1461,0.168
130.14615,0.383
130.1462,0.156
130.14626,-0.476
130.1463,-0.381
130.14635,0.259
130.1464,0.234
130.14645,-0.295
130.1465,-0.603
130.14655,0.076
130.1466,0.603
130.14665,0.288
130.1467,-0.049
130.14674,-0.015
130.1468,0.325
130.14685,0.203
130.1469,-0.242
130.14696,-0.393
130.147,-0.059
130.14705,0.117
130.1471,-0.054
130.14716,-0.117
130.1472,0.049
130.14725,0.276
130.1473,0.269
130.14735,0.0
130.1474,-0.115
130.14745,-0.068
130.1475,-0.044
130.14755,-0.103
130.1476,-0.066
130.14764,0.117
130.1477,0.105
130.14775,-0.034
130.1478,-0.017
130.14784,0.127
130.1479,0.122
130.14795,-0.117
130.148,-0.188
130.14806,-0.103
130.1481,0.078
130.14815,0.073
130.1482,0.0
130.14825,-0.085
130.1483,-0.02
130.14835,0.168
130.1484,0.22
130.14845,0.115
130.1485,-0.005
130.14854,0.032
130.1486,0.183
130.14865,0.208
130.1487,0.09
130.14874,0.061
130.1488,0.176
130.14885,0.193
130.1489,0.127
130.14896,-0.01
130.149,-0.063
130.14905,0.017
130.1491,-0.12
130.14915,-0.208
130.1492,-0.215
130.14925,-0.127
130.1493,0.024
130.14935,-0.037
130.1494,-0.095
130.14944,-0.195
130.1495,-0.11
130.14955,0.042
130.1496,0.015
130.14964,-0.168
130.1497,-0.066
130.14975,0.095
130.1498,0.291
130.14986,0.447
130.1499,0.051
130.14995,-0.007
130.15,0.339
